Nombre,Club,Categoria
Nombre1 Apellido1PRUEBA,Club Rojo,Espada Larga Mixto;Sable Militar Mixto;Espada Ropera Mixto;Espada y Broquel Mixto
Nombre2 Apellido2PRUEBA,Club Azul,Sable Militar Mixto;Espada y Broquel Mixto
Nombre3 Apellido3PRUEBA,Club Blanco,Espada Larga Mixto;Sable Militar Mixto;Espada Ropera Mixto;Espada y Broquel Mixto
Nombre4 Apellido4PRUEBA,Club Blanco,Espada Larga Mixto;Sable Militar Mixto;Espada y Broquel Mixto
Nombre5 Apellido5PRUEBA,Club Rojo,Espada Larga Mixto;Espada Larga Femenino
Nombre6 Apellido6PRUEBA,Club Rojo,Espada Larga Mixto;Sable Militar Mixto
Nombre7 Apellido7PRUEBA,Club Amarillo,Espada Larga Mixto;Sable Militar Mixto;Espada Ropera Mixto;Espada y Broquel Mixto
Nombre8 Apellido8PRUEBA,Club Blanco,Espada Larga Mixto;Sable Militar Mixto;Espada Ropera Mixto;Espada y Broquel Mixto
Nombre9 Apellido9PRUEBA,Club Amarillo,Espada Larga Mixto
Nombre10 Apellido10PRUEBA,Club Blanco,Sable Militar Mixto;Espada Ropera Mixto
Nombre11 Apellido11PRUEBA,Club Negro,Espada Larga Mixto;Espada y Broquel Mixto
Nombre12 Apellido12PRUEBA,Club Negro,Sable Militar Mixto;Espada y Broquel Mixto
Nombre13 Apellido13PRUEBA,Club Azul,Espada Larga Mixto;Espada y Broquel Mixto
Nombre14 Apellido14PRUEBA,Club Azul,Espada Larga Mixto;Espada y Broquel Mixto
Nombre15 Apellido15PRUEBA,Club Amarillo,Espada Larga Mixto;Sable Militar Mixto;Espada Ropera Mixto